{"_runtime":133.663069334,"epoch/accuracy":0.5634971261024475,"epoch/epoch":9,"_wandb":{"runtime":136},"epoch/val_loss":1.0340116024017334,"epoch/val_accuracy":0.5599489808082581,"_step":199,"_timestamp":1.7262137390171938e+09,"epoch/learning_rate":0.0010000000474974513,"epoch/loss":1.0648242235183716}