{"best_val_loss":1.019787311553955,"_wandb":{"runtime":325},"_timestamp":1.72621490699111e+09,"accuracy":0.5877472758293152,"_step":199,"loss":0.9861125946044922,"epoch":9,"val_accuracy":0.5803571343421936,"_runtime":314.155281638,"graph":{"_type":"graph-file","sha256":"54a81fd276ae5ce0d139da32b8924032bdf138d4478927056985414951814980","size":695,"path":"media/graph/graph_summary_54a81fd276ae5ce0d139.graph.json"},"val_loss":1.019787311553955,"best_epoch":9}